{"cameraMode":{"drawMode":0,"name":"Shaded","section":"Shading Mode"},"sceneLighting":true,"audioPlay":false,"sceneViewState":{"showFog":true,"showMaterialUpdate":false,"showSkybox":true,"showFlares":true,"showImageEffects":true,"showParticleSystems":true},"in2DMode":false,"pivot":{"x":-2.173704147338867,"y":-1.8722457885742188,"z":-0.3857536315917969},"rotation":{"x":0.3806453049182892,"y":-0.4238327443599701,"z":0.20258882641792298,"w":0.7965452671051025},"size":13.961406707763672,"orthographic":false}