{"cameraMode":{"drawMode":0,"name":"Shaded","section":"Shading Mode"},"sceneLighting":true,"audioPlay":false,"sceneViewState":{"showFog":true,"showMaterialUpdate":false,"showSkybox":true,"showFlares":true,"showImageEffects":true,"showParticleSystems":true},"in2DMode":false,"pivot":{"x":289.6064147949219,"y":148.1717529296875,"z":-47.52851867675781},"rotation":{"x":-0.006309822667390108,"y":0.009597734548151493,"z":-0.000052670926379505545,"w":-0.9999473690986633},"size":121.27499389648438,"orthographic":false}