{"cameraMode":{"drawMode":0,"name":"Shaded","section":"Shading Mode"},"sceneLighting":true,"audioPlay":false,"sceneViewState":{"showFog":true,"showMaterialUpdate":false,"showSkybox":true,"showFlares":true,"showImageEffects":true,"showParticleSystems":true},"in2DMode":false,"pivot":{"x":198.34934997558595,"y":127.42280578613281,"z":-30.16949462890625},"rotation":{"x":-0.04800483211874962,"y":-0.10856109112501145,"z":0.00525624630972743,"w":-0.9929285049438477},"size":300.735107421875,"orthographic":false}